{
  "hidden_size": 12,
  "input_names": [
    "bias",
    "progress",
    "budget_scaled",
    "time_scaled",
    "uncertainty",
    "dropout",
    "milestone_potential",
    "token_efficiency",
    "token_budget_scaled",
    "token_usage_scaled",
    "consented_pending",
    "followup_due",
    "eligible_pending",
    "reg_hold",
    "site_bottleneck",
    "step_scaled"
  ],
  "hidden_weights": [
    {
      "bias": -0.04733032053377948,
      "progress": 0.013499990991145822,
      "budget_scaled": 0.010633841775421891,
      "time_scaled": 0.0075952948031540735,
      "uncertainty": -0.010879059067717314,
      "dropout": -0.012986005966481251,
      "milestone_potential": 0.04805166506472687,
      "token_efficiency": -0.04636079623885142,
      "token_budget_scaled": -0.0478363490144976,
      "token_usage_scaled": 0.04610312802396112,
      "consented_pending": -0.03150280586025617,
      "followup_due": -0.037610483557556834,
      "eligible_pending": -0.028942349011335355,
      "reg_hold": 0.030074659035418103,
      "site_bottleneck": 0.04369691586445808,
      "step_scaled": -0.047721742433134165
    },
    {
      "bias": -0.0074381168033182815,
      "progress": -0.03984997806258303,
      "budget_scaled": -0.024008011020716803,
      "time_scaled": -0.027917072868368267,
      "uncertainty": 0.014692571983532257,
      "dropout": -0.014970603260346771,
      "milestone_potential": -0.03196820984703122,
      "token_efficiency": 0.00036365052098872447,
      "token_budget_scaled": -0.046062129291530765,
      "token_usage_scaled": -0.03990787588110334,
      "consented_pending": 0.048823514872250104,
      "followup_due": -0.030064420953293702,
      "eligible_pending": -0.01414446986883982,
      "reg_hold": 0.023159830622536057,
      "site_bottleneck": 0.03383265651934163,
      "step_scaled": 0.04184820619953315
    },
    {
      "bias": -0.03305753939025323,
      "progress": 0.017264056357305255,
      "budget_scaled": 0.046654890304318325,
      "time_scaled": -0.044194905617350136,
      "uncertainty": 0.01762017842993782,
      "dropout": 0.034542459370161635,
      "milestone_potential": -0.015768745892141604,
      "token_efficiency": -0.024931266071488836,
      "token_budget_scaled": 0.009679139346941104,
      "token_usage_scaled": -0.005768596630092104,
      "consented_pending": -0.03251805155485589,
      "followup_due": -0.002837458490371203,
      "eligible_pending": -0.00900946043424454,
      "reg_hold": 0.006911273952428021,
      "site_bottleneck": 0.000860013006263316,
      "step_scaled": -0.018855399899979322
    },
    {
      "bias": -0.014284831740973718,
      "progress": 0.033766117436897905,
      "budget_scaled": -0.024906733517786297,
      "time_scaled": 0.006060021885352394,
      "uncertainty": -0.048756368117068564,
      "dropout": 0.02415743774106635,
      "milestone_potential": -0.016408344552653942,
      "token_efficiency": -0.04543035064315834,
      "token_budget_scaled": -0.021911683578165177,
      "token_usage_scaled": -0.025986959217364602,
      "consented_pending": 0.0453129339827799,
      "followup_due": -0.014777443848449257,
      "eligible_pending": -0.02121220851436,
      "reg_hold": -0.014079880274625367,
      "site_bottleneck": 0.044690583565789116,
      "step_scaled": 0.013374785224925259
    },
    {
      "bias": 0.011118121401817012,
      "progress": 0.021561935030145626,
      "budget_scaled": -0.011591842878976516,
      "time_scaled": -0.008665146568464286,
      "uncertainty": 0.014622826739479166,
      "dropout": -0.049847577814327984,
      "milestone_potential": -0.03124813537843194,
      "token_efficiency": -0.017488568287790246,
      "token_budget_scaled": -0.02692376538169583,
      "token_usage_scaled": 0.013615738353172003,
      "consented_pending": -0.012343980743862375,
      "followup_due": 0.03658294804578998,
      "eligible_pending": 0.005825578930969475,
      "reg_hold": -0.008559360331635568,
      "site_bottleneck": -0.010684217007446341,
      "step_scaled": 0.019795126209531704
    },
    {
      "bias": -0.008573582776597461,
      "progress": 0.016219588897381745,
      "budget_scaled": -0.045645628581018595,
      "time_scaled": -0.005751999600993152,
      "uncertainty": -0.02426734528366827,
      "dropout": -0.03423134278776892,
      "milestone_potential": 0.0025391690073804994,
      "token_efficiency": -0.0016433753190577443,
      "token_budget_scaled": 0.0057965424575131975,
      "token_usage_scaled": 0.02549618872395368,
      "consented_pending": 0.038093783713719166,
      "followup_due": -0.0008138959533542827,
      "eligible_pending": -0.019190413464156772,
      "reg_hold": -0.0033107764647476445,
      "site_bottleneck": 0.030508347630192185,
      "step_scaled": 0.0373465478997501
    },
    {
      "bias": 0.019716469192603198,
      "progress": -0.031210299962262617,
      "budget_scaled": 0.041918069128372516,
      "time_scaled": 0.006577674174057343,
      "uncertainty": -0.044882309871041394,
      "dropout": 0.02102354780147591,
      "milestone_potential": 0.04084753180462625,
      "token_efficiency": -0.020850335439764903,
      "token_budget_scaled": 0.007360775490712803,
      "token_usage_scaled": -0.019416585288154452,
      "consented_pending": -0.029652920278106162,
      "followup_due": 0.012795770471839309,
      "eligible_pending": -0.06461330934688411,
      "reg_hold": 0.031378513345371374,
      "site_bottleneck": 0.0028210326558726485,
      "step_scaled": -0.04345024229608025
    },
    {
      "bias": -0.040815791897223196,
      "progress": 0.014926542489615363,
      "budget_scaled": 0.036019084720224234,
      "time_scaled": -0.022705252426468116,
      "uncertainty": 0.04690112226850735,
      "dropout": -0.0399819310936291,
      "milestone_potential": 0.03371575654585449,
      "token_efficiency": -0.01290472293292381,
      "token_budget_scaled": -0.04431115270681486,
      "token_usage_scaled": -0.02278910265013326,
      "consented_pending": -0.005293924955786076,
      "followup_due": 0.02652184280339792,
      "eligible_pending": 0.033430059802737076,
      "reg_hold": -0.0366579445797451,
      "site_bottleneck": 0.0008500422056118972,
      "step_scaled": 0.014272405012273504
    },
    {
      "bias": -0.010190265983034944,
      "progress": 0.03719116283872933,
      "budget_scaled": -0.01938216609027023,
      "time_scaled": -0.045967185272778835,
      "uncertainty": -0.04405451224026266,
      "dropout": 0.019394072961861446,
      "milestone_potential": 0.00913520259585537,
      "token_efficiency": 0.04941298883359729,
      "token_budget_scaled": 0.048398955621569956,
      "token_usage_scaled": 0.0415344746494371,
      "consented_pending": -0.04343724220490917,
      "followup_due": 0.031731190342333154,
      "eligible_pending": 0.02993799914630699,
      "reg_hold": 0.01612700460349498,
      "site_bottleneck": 0.022597274144273063,
      "step_scaled": 0.042168435208165725
    },
    {
      "bias": 0.012942800384367618,
      "progress": -0.0127550737027744,
      "budget_scaled": 0.003297079784836728,
      "time_scaled": -0.02941902727487888,
      "uncertainty": 0.008628823301454244,
      "dropout": -0.049110291795092124,
      "milestone_potential": -0.03568991779559081,
      "token_efficiency": -0.017718273481576806,
      "token_budget_scaled": 0.027906421191467277,
      "token_usage_scaled": 0.021834517383310145,
      "consented_pending": -0.016200945160306113,
      "followup_due": 0.011726442384383381,
      "eligible_pending": -0.04610148760766262,
      "reg_hold": -0.03361394543244241,
      "site_bottleneck": 0.04794983981018194,
      "step_scaled": -0.021105041791142632
    },
    {
      "bias": -0.010520801701170937,
      "progress": 0.004848429657251338,
      "budget_scaled": -0.020659299854266344,
      "time_scaled": -0.0021935330848979057,
      "uncertainty": -0.026029391636137614,
      "dropout": -0.04517436377117056,